stt,date,Latitude,Longitude,density,class
0,1/1/2019,41.764877,-87.666635,216,Sparse
1,1/2/2019,41.765008,-87.657067,158,Sparse
2,1/3/2019,41.765153,-87.647751,2240,Normal
3,1/4/2019,41.765204,-87.644371,1599,Normal
4,1/5/2019,41.765644,-87.618476,661,Sparse
5,1/6/2019,41.76626,-87.574226,697,Sparse
6,1/7/2019,41.739836,-87.551476,2022,Normal
7,1/8/2019,41.732725,-87.55132,3088,Normal
8,1/9/2019,41.724444,-87.551124,3194,Normal
9,1/10/2019,41.718183,-87.551016,7973,Normal
10,1/11/2019,41.820171,-87.606798,11931,Crowded
11,1/12/2019,41.807987,-87.606532,8984,Crowded
12,1/13/2019,41.797881,-87.606302,8457,Crowded
13,1/14/2019,41.78269,-87.605979,8096,Crowded
14,1/15/2019,41.775779,-87.605826,7546,Normal
15,1/16/2019,41.770685,-87.605711,4016,Normal
16,1/17/2019,41.760801,-87.605452,5318,Normal
17,1/18/2019,41.734791,-87.604779,6732,Normal
18,1/19/2019,41.710922,-87.60573,6040,Normal
19,1/20/2019,41.859378,-87.676043,7023,Normal
20,1/21/2019,41.854926,-87.67592,7672,Normal
21,1/22/2019,41.850395,-87.67579,4181,Normal
22,1/23/2019,41.844875,-87.675652,3952,Normal
23,1/24/2019,41.830389,-87.675279,492,Sparse
24,1/25/2019,41.827625,-87.675208,1082,Normal
25,1/26/2019,41.803741,-87.674569,574,Sparse
26,1/27/2019,41.785746,-87.674075,550,Sparse
27,1/28/2019,41.770409,-87.673671,376,Sparse
28,1/29/2019,41.757363,-87.673336,14916,Crowded
29,1/30/2019,41.838419,-87.617465,345,Sparse
30,1/31/2019,41.825982,-87.617039,215,Sparse
31,2/1/2019,41.814852,-87.616741,639,Sparse
32,2/2/2019,41.795094,-87.615989,688,Sparse
33,2/3/2019,41.754187,-87.615027,2265,Normal
34,2/4/2019,41.726239,-87.614254,7379,Normal
35,2/5/2019,41.706494,-87.613745,3254,Normal
36,2/6/2019,41.755798,-87.55646,2093,Normal
37,2/7/2019,41.7504,-87.5528,1390,Normal
38,2/8/2019,41.863938,-87.622471,2098,Normal
39,2/9/2019,41.85566,-87.62228,14343,Crowded
40,2/10/2019,41.832167,-87.621788,2070,Normal
41,2/11/2019,41.828022,-87.621694,2169,Normal
42,2/12/2019,41.787779,-87.620665,2510,Normal
43,2/13/2019,41.707611,-87.529702,2019,Normal
44,2/14/2019,41.775215,-87.575158,2044,Normal
45,2/15/2019,41.77038,-87.576414,1880,Normal
46,2/16/2019,41.761454,-87.576196,2019,Normal
47,2/17/2019,41.747152,-87.575902,3457,Normal
48,2/18/2019,41.737902,-87.575714,8188,Crowded
49,2/19/2019,41.739269,-87.575753,8390,Crowded
50,2/20/2019,41.719732,-87.57529,4049,Normal
51,2/21/2019,41.760689,-87.615174,4735,Normal
52,2/22/2019,41.849344,-87.618459,1244,Normal
53,2/23/2019,41.797367,-87.587322,300,Sparse
54,2/24/2019,41.865924,-87.624115,300,Sparse
55,2/25/2019,41.850595,-87.623745,2913,Normal
56,2/26/2019,41.839562,-87.623493,1220,Normal
57,2/27/2019,41.834369,-87.623323,6570,Normal
58,2/28/2019,41.826807,-87.623149,555,Sparse
59,3/1/2019,41.811191,-87.622886,3818,Normal
60,3/2/2019,41.796652,-87.622518,5593,Normal
61,3/3/2019,41.718658,-87.620521,399,Sparse
62,3/4/2019,41.770241,-87.566558,1354,Normal
63,3/5/2019,41.756313,-87.552698,4314,Normal
64,3/6/2019,41.766314,-87.565472,349,Sparse
65,3/7/2019,41.863436,-87.62733,3824,Normal
66,3/8/2019,41.833661,-87.626468,813,Sparse
67,3/9/2019,41.810903,-87.626128,540,Sparse
68,3/10/2019,41.792077,-87.625634,598,Sparse
69,3/11/2019,41.777072,-87.62526,489,Sparse
70,3/12/2019,41.757046,-87.624736,1118,Normal
71,3/13/2019,41.745812,-87.624391,232,Sparse
72,3/14/2019,41.728281,-87.623913,1176,Normal
73,3/15/2019,41.713246,-87.623646,4573,Normal
74,3/16/2019,41.853156,-87.631785,5633,Normal
75,3/17/2019,41.773651,-87.629987,6749,Normal
76,3/18/2019,41.720659,-87.628638,7917,Normal
77,3/19/2019,41.831501,-87.67584,8110,Crowded
78,3/20/2019,41.853553,-87.633392,826,Sparse
79,3/21/2019,41.807818,-87.714468,692,Sparse
80,3/22/2019,41.849975,-87.64032,731,Sparse
81,3/23/2019,41.835106,-87.669954,728,Sparse
82,3/24/2019,41.876934,-87.666676,744,Sparse
83,3/25/2019,41.872567,-87.66656,476,Sparse
84,3/26/2019,41.861874,-87.666256,805,Sparse
85,3/27/2019,41.781444,-87.664267,408,Sparse
86,3/28/2019,41.775834,-87.66412,417,Sparse
87,3/29/2019,41.763965,-87.663752,871,Sparse
88,3/30/2019,41.757724,-87.663608,120,Sparse
89,3/31/2019,41.745469,-87.663314,2757,Normal
90,4/1/2019,41.733288,-87.662994,2468,Normal
91,4/2/2019,41.873009,-87.630632,2568,Normal
92,4/3/2019,41.869893,-87.630511,635,Sparse
93,4/4/2019,41.861478,-87.630255,1939,Normal
94,4/5/2019,41.855964,-87.630176,2165,Normal
95,4/6/2019,41.853467,-87.630093,8868,Crowded
96,4/7/2019,41.87346,-87.647091,867,Sparse
97,4/8/2019,41.865313,-87.646862,616,Sparse
98,4/9/2019,41.829513,-87.646078,656,Sparse
99,4/10/2019,41.796466,-87.645213,642,Sparse
100,4/11/2019,41.78453,-87.644905,12021,Crowded
101,4/12/2019,41.771775,-87.644579,12855,Crowded
102,4/13/2019,41.760683,-87.644298,6939,Normal
103,4/14/2019,41.735001,-87.643587,8702,Crowded
104,4/15/2019,41.719968,-87.643173,5426,Normal
105,4/16/2019,41.75002,-87.634415,6560,Normal
106,4/17/2019,41.731171,-87.647028,1638,Normal
107,4/18/2019,41.720798,-87.650838,789,Sparse
108,4/19/2019,41.710702,-87.654574,827,Sparse
109,4/20/2019,41.698034,-87.65927,742,Sparse
110,4/21/2019,41.872427,-87.686197,739,Sparse
111,4/22/2019,41.847006,-87.685499,352,Sparse
112,4/23/2019,41.834882,-87.684561,1111,Normal
113,4/24/2019,41.820278,-87.684745,138,Sparse
114,4/25/2019,41.77249,-87.683456,122,Sparse
115,4/26/2019,41.761813,-87.683164,1162,Normal
116,4/27/2019,41.756743,-87.683025,1247,Normal
117,4/28/2019,41.730457,-87.682356,1979,Normal
118,4/29/2019,41.712676,-87.68181,1322,Normal
119,4/30/2019,41.699963,-87.681415,859,Sparse
120,5/1/2019,41.79459,-87.684058,856,Sparse
121,5/2/2019,41.71675,-87.585043,911,Sparse
122,5/3/2019,41.755119,-87.586125,1353,Normal
123,5/4/2019,41.740553,-87.58573,987,Sparse
124,5/5/2019,41.724124,-87.585159,664,Sparse
125,5/6/2019,41.745515,-87.585819,622,Sparse
126,5/7/2019,41.769698,-87.586238,1093,Normal
127,5/8/2019,41.792127,-87.586689,1029,Normal
128,5/9/2019,41.72824,-87.552415,746,Sparse
129,5/10/2019,41.728253,-87.550704,524,Sparse
130,5/11/2019,41.714033,-87.657301,738,Sparse
131,5/12/2019,41.713939,-87.664213,308,Sparse
132,5/13/2019,41.713352,-87.558074,14963,Crowded
133,5/14/2019,41.713772,-87.54362,14801,Crowded
134,5/15/2019,41.720702,-87.536499,1112,Normal
135,5/16/2019,41.711118,-87.536485,597,Sparse
136,5/17/2019,41.719205,-87.662247,328,Sparse
137,5/18/2019,41.713044,-87.668914,371,Sparse
138,5/19/2019,41.729262,-87.541841,1788,Normal
139,5/20/2019,41.732854,-87.542962,544,Sparse
140,5/21/2019,41.764222,-87.566483,540,Sparse
141,5/22/2019,41.779224,-87.680473,316,Sparse
142,5/23/2019,41.779519,-87.661134,544,Sparse
143,5/24/2019,41.779852,-87.638388,355,Sparse
144,5/25/2019,41.780078,-87.621062,452,Sparse
145,5/26/2019,41.773084,-87.608939,702,Sparse
146,5/27/2019,41.773298,-87.589932,324,Sparse
147,5/28/2019,41.773376,-87.582603,328,Sparse
148,5/29/2019,41.758155,-87.629625,1161,Normal
149,5/30/2019,41.758265,-87.622945,215,Sparse
150,5/31/2019,41.758455,-87.612457,14401,Crowded
151,6/1/2019,41.758814,-87.581651,13521,Crowded
152,6/2/2019,41.755721,-87.671249,13645,Crowded
153,6/3/2019,41.756101,-87.642566,12073,Crowded
154,6/4/2019,41.756542,-87.617335,7561,Normal
155,6/5/2019,41.756617,-87.613108,8157,Crowded
156,6/6/2019,41.756982,-87.582699,7710,Normal
157,6/7/2019,41.749936,-87.695059,10077,Crowded
158,6/8/2019,41.750449,-87.657022,12250,Crowded
159,6/9/2019,41.750534,-87.651099,11479,Crowded
160,6/10/2019,41.750722,-87.638461,10279,Crowded
161,6/11/2019,41.75097,-87.623726,12014,Crowded
162,6/12/2019,41.750997,-87.621988,10065,Crowded
163,6/13/2019,41.75131,-87.603145,300,Sparse
164,6/14/2019,41.751849,-87.557322,90,Sparse
165,6/15/2019,41.74303,-87.666333,310,Sparse
166,6/16/2019,41.743249,-87.651157,411,Sparse
167,6/17/2019,41.743649,-87.624723,2109,Normal
168,6/18/2019,41.743855,-87.612049,1762,Normal
169,6/19/2019,41.744106,-87.593706,1531,Normal
170,6/20/2019,41.744086,-87.595315,1851,Normal
171,6/21/2019,41.744615,-87.554455,333,Sparse
172,6/22/2019,41.744682,-87.549764,5938,Normal
173,6/23/2019,41.735742,-87.666475,5983,Normal
174,6/24/2019,41.735844,-87.659417,298,Sparse
175,6/25/2019,41.73606,-87.644455,661,Sparse
176,6/26/2019,41.73604,-87.638359,8211,Crowded
177,6/27/2019,41.736013,-87.63131,2919,Normal
178,6/28/2019,41.736399,-87.621325,2138,Normal
179,6/29/2019,41.736694,-87.601489,1729,Normal
180,6/30/2019,41.737079,-87.574126,1323,Normal
181,7/1/2019,41.737414,-87.548768,7036,Normal
182,7/2/2019,41.721037,-87.675323,10971,Crowded
183,7/3/2019,41.721119,-87.669564,3724,Normal
184,7/4/2019,41.721324,-87.653942,4680,Normal
185,7/5/2019,41.721409,-87.647429,4294,Normal
186,7/6/2019,41.721622,-87.631298,3616,Normal
187,7/7/2019,41.721659,-87.628777,3586,Normal
188,7/8/2019,41.721813,-87.618662,2402,Normal
189,7/9/2019,41.722153,-87.597339,463,Sparse
190,7/10/2019,41.722499,-87.572943,3085,Normal
191,7/11/2019,41.722916,-87.538794,13159,Crowded
192,7/12/2019,41.706991,-87.63698,11642,Crowded
193,7/13/2019,41.707125,-87.626548,8889,Crowded
194,7/14/2019,41.70726,-87.617296,7494,Normal
195,7/15/2019,41.707533,-87.600985,12801,Crowded
196,7/16/2019,41.764998,-87.60436,1349,Normal
197,7/17/2019,41.793839,-87.681286,114,Sparse
198,7/18/2019,41.793942,-87.671875,83,Sparse
199,7/19/2019,41.794746,-87.619558,9821,Crowded
200,7/20/2019,41.794582,-87.629567,9482,Crowded
201,7/21/2019,41.863965,-87.661484,306,Sparse
202,7/22/2019,41.855898,-87.661264,113,Sparse
203,7/23/2019,41.80202,-87.659934,152,Sparse
204,7/24/2019,41.790122,-87.65963,3372,Normal
205,7/25/2019,41.773201,-87.659191,1310,Normal
206,7/26/2019,41.77126,-87.659138,1506,Normal
207,7/27/2019,41.752036,-87.658628,2127,Normal
208,7/28/2019,41.744631,-87.658435,5620,Normal
209,7/29/2019,41.86852,-87.656729,4108,Normal
210,7/30/2019,41.864029,-87.656597,3560,Normal
211,7/31/2019,41.829325,-87.655686,1897,Normal
212,8/1/2019,41.813903,-87.655287,2019,Normal
213,8/2/2019,41.798563,-87.654979,1778,Normal
214,8/3/2019,41.780185,-87.654517,1854,Normal
215,8/4/2019,41.772,-87.654299,1877,Normal
216,8/5/2019,41.76448,-87.6541,1879,Normal
217,8/6/2019,41.753377,-87.653813,368,Sparse
218,8/7/2019,41.744158,-87.653566,421,Sparse
219,8/8/2019,41.857573,-87.683337,421,Sparse
220,8/9/2019,41.85774,-87.632821,1743,Normal
221,8/10/2019,41.857869,-87.624476,1534,Normal
222,8/11/2019,41.85789,-87.622993,1614,Normal
223,8/12/2019,41.837991,-87.650405,1444,Normal
224,8/13/2019,41.837927,-87.655,1418,Normal
225,8/14/2019,41.838196,-87.634756,360,Sparse
226,8/15/2019,41.838289,-87.627562,257,Sparse
227,8/16/2019,41.838373,-87.621143,897,Sparse
228,8/17/2019,41.830303,-87.682868,897,Sparse
229,8/18/2019,41.830382,-87.67602,7743,Normal
230,8/19/2019,41.830598,-87.657426,1484,Normal
231,8/20/2019,41.830843,-87.639107,1457,Normal
232,8/21/2019,41.831081,-87.619334,821,Sparse
233,8/22/2019,41.831199,-87.613631,683,Sparse
234,8/23/2019,41.815858,-87.666235,159,Sparse
235,8/24/2019,41.815847,-87.661488,2488,Normal
236,8/25/2019,41.816301,-87.638721,1531,Normal
237,8/26/2019,41.816676,-87.614468,1326,Normal
238,8/27/2019,41.808578,-87.667723,1366,Normal
239,8/28/2019,41.808649,-87.661622,240,Sparse
240,8/29/2019,41.809221,-87.626946,466,Sparse
241,8/30/2019,41.809396,-87.615874,598,Sparse
242,8/31/2019,41.809607,-87.599776,2584,Normal
243,9/1/2019,41.801293,-87.667538,3163,Normal
244,9/2/2019,41.801533,-87.648948,368,Sparse
245,9/3/2019,41.801616,-87.6436,189,Sparse
246,9/4/2019,41.801921,-87.62744,10575,Crowded
247,9/5/2019,41.802072,-87.618178,10293,Crowded
248,9/6/2019,41.80222,-87.608065,8822,Crowded
249,9/7/2019,41.794244,-87.648908,8621,Crowded
250,9/8/2019,41.794804,-87.61571,8102,Crowded
251,9/9/2019,41.795109,-87.59326,8124,Crowded
252,9/10/2019,41.786465,-87.690066,8428,Crowded
253,9/11/2019,41.78671,-87.66752,9261,Crowded
254,9/12/2019,41.78691,-87.652961,9377,Crowded
255,9/13/2019,41.787062,-87.640752,8062,Crowded
256,9/14/2019,41.787305,-87.628708,1105,Normal
257,9/15/2019,41.78747,-87.619044,2550,Normal
258,9/16/2019,41.846463,-87.681163,2880,Normal
259,9/17/2019,41.849394,-87.673525,3286,Normal
260,9/18/2019,41.859146,-87.660062,518,Sparse
261,9/19/2019,41.852078,-87.682174,347,Sparse
262,9/20/2019,41.852265,-87.669817,356,Sparse
263,9/21/2019,41.852464,-87.658227,153,Sparse
264,9/22/2019,41.852859,-87.633451,2240,Normal
265,9/23/2019,41.852812,-87.637573,118,Sparse
266,9/24/2019,41.852874,-87.627827,118,Sparse
267,9/25/2019,41.852861,-87.624414,780,Sparse
268,9/26/2019,41.852881,-87.622835,709,Sparse
269,9/27/2019,41.802322,-87.600681,112,Sparse
270,9/28/2019,41.797123,-87.583995,530,Sparse
271,9/29/2019,41.771932,-87.686307,890,Sparse
272,9/30/2019,41.772008,-87.679253,1075,Normal
273,10/1/2019,41.772514,-87.641987,349,Sparse
274,10/2/2019,41.772885,-87.620079,129,Sparse
275,10/3/2019,41.774978,-87.6042,196,Sparse
276,10/4/2019,41.828474,-87.65091,182,Sparse
277,10/5/2019,41.769644,-87.649382,57,Sparse
278,10/6/2019,41.762368,-87.649192,51,Sparse
279,10/7/2019,41.823191,-87.662035,727,Sparse
280,10/8/2019,41.823602,-87.634859,328,Sparse
281,10/9/2019,41.823805,-87.619176,90,Sparse
282,10/10/2019,41.823948,-87.607812,571,Sparse
283,10/11/2019,41.86686,-87.668106,453,Sparse
284,10/12/2019,41.867145,-87.647525,368,Sparse
285,10/13/2019,41.867266,-87.638052,1527,Normal
286,10/14/2019,41.867439,-87.625406,1745,Normal
287,10/15/2019,41.849302,-87.622658,1422,Normal
288,10/16/2019,41.845391,-87.641581,930,Sparse
289,10/17/2019,41.84566,-87.622137,1254,Normal
290,10/18/2019,41.793359,-87.587904,915,Sparse
291,10/19/2019,41.791544,-87.586175,1418,Normal
292,10/20/2019,41.785874,-87.606038,1325,Normal
293,10/21/2019,41.759597,-87.653971,1352,Normal
294,10/22/2019,41.743472,-87.550548,1381,Normal
295,10/23/2019,41.741127,-87.545616,1734,Normal
296,10/24/2019,41.873149,-87.624836,2245,Normal
297,10/25/2019,41.873213,-87.620591,2343,Normal
298,10/26/2019,41.786586,-87.611974,1679,Normal
299,10/27/2019,41.869368,-87.620509,1725,Normal
300,10/28/2019,41.802286,-87.603784,1842,Normal
301,10/29/2019,41.786166,-87.584966,3559,Normal
302,10/30/2019,41.793546,-87.612405,3421,Normal
303,10/31/2019,41.793645,-87.609034,384,Sparse
304,11/1/2019,41.873649,-87.709133,292,Sparse
305,11/2/2019,41.87389,-87.686234,1232,Normal
306,11/3/2019,41.874043,-87.676455,715,Sparse
307,11/4/2019,41.874122,-87.670619,3854,Normal
308,11/5/2019,41.874199,-87.665037,1045,Normal
309,11/6/2019,41.87436,-87.652225,1209,Normal
310,11/7/2019,41.87438,-87.627297,1142,Normal
311,11/8/2019,41.874327,-87.646119,335,Sparse
312,11/9/2019,41.866652,-87.64217,64,Sparse
313,11/10/2019,41.873569,-87.642397,98,Sparse
314,11/11/2019,41.787229,-87.594821,482,Sparse
315,11/12/2019,41.823134,-87.605367,801,Sparse
316,11/13/2019,41.872155,-87.633321,760,Sparse
317,11/14/2019,41.712817,-87.659031,384,Sparse
318,11/15/2019,41.743319,-87.547879,265,Sparse
319,11/16/2019,41.74028,-87.54538,160,Sparse
320,11/17/2019,41.855226,-87.619095,369,Sparse
321,11/18/2019,41.875514,-87.639626,487,Sparse
322,11/19/2019,41.874389,-87.640956,1122,Normal
323,11/20/2019,41.720957,-87.560671,8722,Crowded
324,11/21/2019,41.867512,-87.620401,8367,Crowded
325,11/22/2019,41.782388,-87.584573,72,Sparse
326,11/23/2019,41.873925,-87.62919,8367,Crowded
327,11/24/2019,41.873531,-87.643862,102,Sparse
328,11/25/2019,41.693059,-87.671533,8272,Crowded
329,11/26/2019,41.759562,-87.638479,157,Sparse
330,11/27/2019,41.794542,-87.607689,8912,Crowded
331,11/28/2019,41.838528,-87.662425,2384,Normal
332,11/29/2019,41.778678,-87.579568,8888,Crowded
333,11/30/2019,41.766933,-87.610456,2693,Normal
334,12/1/2019,41.737236,-87.644725,8926,Crowded
335,12/2/2019,41.714883,-87.573706,3689,Normal
336,12/3/2019,41.873661,-87.62598,1420,Normal
337,12/4/2019,41.86832,-87.625851,9640,Crowded
338,12/5/2019,41.869272,-87.633488,5262,Normal
339,12/6/2019,41.801676,-87.59669,2820,Normal
340,12/7/2019,41.876773,-87.671635,7688,Normal
341,12/8/2019,41.869995,-87.679727,14879,Crowded
342,12/9/2019,41.862371,-87.692771,6503,Normal
343,12/10/2019,41.815579,-87.692019,11086,Crowded
344,12/11/2019,41.818962,-87.645802,5122,Normal
345,12/12/2019,41.800125,-87.596657,8821,Crowded
346,12/13/2019,41.805123,-87.596753,5253,Normal
347,12/14/2019,41.810689,-87.596855,285,Sparse
348,12/15/2019,41.860562,-87.617934,213,Sparse
349,12/16/2019,41.799972,-87.581471,213,Sparse
350,12/17/2019,41.706839,-87.55965,2733,Normal
351,12/18/2019,41.708489,-87.535287,1341,Normal
352,12/19/2019,41.70242,-87.628153,555,Sparse
353,12/20/2019,41.702738,-87.701224,4131,Normal
354,12/21/2019,41.687943,-87.620988,5656,Normal
355,12/22/2019,41.690928,-87.610268,2620,Normal
356,12/23/2019,41.680056,-87.622723,3010,Normal
357,12/24/2019,41.682968,-87.642082,2902,Normal
358,12/25/2019,41.677875,-87.671582,4054,Normal
359,12/26/2019,41.66836,-87.620176,1553,Normal
360,12/27/2019,41.675955,-87.622596,1399,Normal
361,12/28/2019,41.674552,-87.627366,1355,Normal
362,12/29/2019,41.658336,-87.547134,4991,Normal
363,12/30/2019,41.659854,-87.55928,4669,Normal
364,12/31/2019,41.655545,-87.559298,4981,Normal
365,1/1/2020,41.773922,-87.673756,12049,Crowded
366,1/2/2020,41.880815,-87.666819,10860,Crowded
367,1/3/2020,41.879119,-87.666752,4818,Normal
368,1/4/2020,41.879863,-87.644062,1917,Normal
369,1/5/2020,41.897607,-87.667335,236,Sparse
370,1/6/2020,41.822902,-87.688714,1037,Normal
371,1/7/2020,41.915566,-87.750173,322,Sparse
372,1/8/2020,41.919517,-87.746187,9644,Crowded
373,1/9/2020,41.961614,-87.667445,190,Sparse
374,1/10/2020,41.794069,-87.662159,289,Sparse
375,1/11/2020,41.885403,-87.663033,317,Sparse
376,1/12/2020,41.932463,-87.664643,317,Sparse
377,1/13/2020,41.90128,-87.745946,5822,Normal
378,1/14/2020,41.900935,-87.755742,6736,Normal
379,1/15/2020,41.900144,-87.765583,5097,Normal
380,1/16/2020,41.877113,-87.77081,196,Sparse
381,1/17/2020,41.882191,-87.768235,4740,Normal
382,1/18/2020,41.887904,-87.771064,3795,Normal
383,1/19/2020,41.902037,-87.772722,2035,Normal
384,1/20/2020,41.919484,-87.769758,3313,Normal
385,1/21/2020,41.931174,-87.77358,6060,Normal
386,1/22/2020,41.960389,-87.774207,4452,Normal
387,1/23/2020,41.702743,-87.537314,3546,Normal
388,1/24/2020,41.65732,-87.557177,984,Sparse
389,1/25/2020,41.651861,-87.54501,1311,Normal
390,1/26/2020,41.93269,-87.776018,226,Sparse
391,1/27/2020,41.9477,-87.646232,123,Sparse
392,1/28/2020,41.985494,-87.657453,261,Sparse
393,1/29/2020,41.97914,-87.655026,830,Sparse
394,1/30/2020,41.844657,-87.697733,2772,Normal
395,1/31/2020,41.801077,-87.688258,152,Sparse
396,2/1/2020,41.808295,-87.693288,152,Sparse
397,2/2/2020,41.851933,-87.693114,1341,Normal
398,2/3/2020,41.866535,-87.693471,1341,Normal
399,2/4/2020,41.81567,-87.686204,3593,Normal
400,2/5/2020,41.988619,-87.812789,2559,Normal
401,2/6/2020,41.858949,-87.717426,1900,Normal
402,2/7/2020,41.95327,-87.759652,2842,Normal
403,2/8/2020,41.924043,-87.761108,1790,Normal
404,2/9/2020,41.910014,-87.713878,3203,Normal
405,2/10/2020,41.881668,-87.718383,2765,Normal
406,2/11/2020,41.880898,-87.712441,1400,Normal
407,2/12/2020,41.928267,-87.716068,1453,Normal
408,2/13/2020,41.9753,-87.750239,718,Sparse
409,2/14/2020,41.865941,-87.741303,720,Sparse
410,2/15/2020,41.895151,-87.737793,720,Sparse
411,2/16/2020,41.909705,-87.739646,832,Sparse
412,2/17/2020,41.965326,-87.662564,195,Sparse
413,2/18/2020,41.976215,-87.666782,173,Sparse
414,2/19/2020,41.983538,-87.665686,158,Sparse
415,2/20/2020,41.896651,-87.630189,277,Sparse
416,2/21/2020,41.893244,-87.630017,1554,Normal
417,2/22/2020,42.00544,-87.666635,241,Sparse
418,2/23/2020,41.875606,-87.630878,266,Sparse
419,2/24/2020,41.692822,-87.605505,327,Sparse
420,2/25/2020,41.910585,-87.669739,339,Sparse
421,2/26/2020,41.976144,-87.671622,673,Sparse
422,2/27/2020,41.895971,-87.67335,673,Sparse
423,2/28/2020,41.87691,-87.628624,662,Sparse
424,2/29/2020,41.878174,-87.628405,340,Sparse
425,3/1/2020,41.879452,-87.628325,161,Sparse
426,3/2/2020,41.880775,-87.626654,127,Sparse
427,3/3/2020,41.882024,-87.628403,369,Sparse
428,3/4/2020,41.885747,-87.628288,523,Sparse
429,3/5/2020,41.883215,-87.628926,2970,Normal
430,3/6/2020,41.884485,-87.628798,1455,Normal
431,3/7/2020,42.000202,-87.699716,703,Sparse
432,3/8/2020,41.691858,-87.539118,990,Sparse
433,3/9/2020,41.691285,-87.720316,594,Sparse
434,3/10/2020,41.699648,-87.641695,2923,Normal
435,3/11/2020,41.749569,-87.721913,594,Sparse
436,3/12/2020,41.771406,-87.720493,9071,Crowded
437,3/13/2020,41.778674,-87.721655,9913,Crowded
438,3/14/2020,41.795919,-87.761047,9913,Crowded
439,3/15/2020,41.793061,-87.739172,10975,Crowded
440,3/16/2020,41.808006,-87.712716,12751,Crowded
441,3/17/2020,41.807648,-87.741014,10698,Crowded
442,3/18/2020,41.830119,-87.693144,7641,Normal
443,3/19/2020,41.859094,-87.704686,11106,Crowded
444,3/20/2020,41.886549,-87.744388,12107,Crowded
445,3/21/2020,41.909224,-87.734147,5250,Normal
446,3/22/2020,41.925567,-87.641535,264,Sparse
447,3/23/2020,41.923528,-87.667066,493,Sparse
448,3/24/2020,41.944804,-87.834785,301,Sparse
449,3/25/2020,41.968273,-87.724989,4851,Normal
450,3/26/2020,41.966293,-87.850072,4511,Normal
451,3/27/2020,41.982866,-87.724368,4357,Normal
452,3/28/2020,41.990343,-87.71242,5201,Normal
453,3/29/2020,41.990529,-87.687864,521,Sparse
454,3/30/2020,41.997767,-87.687751,838,Sparse
455,3/31/2020,41.997773,-87.805489,886,Sparse
456,4/1/2020,41.877093,-87.725018,333,Sparse
457,4/2/2020,41.877558,-87.685609,1215,Normal
458,4/3/2020,41.877595,-87.668568,2102,Normal
459,4/4/2020,41.877635,-87.665993,2014,Normal
460,4/5/2020,41.878356,-87.618837,1875,Normal
461,4/6/2020,41.87878,-87.674129,2958,Normal
462,4/7/2020,41.878596,-87.685749,622,Sparse
463,4/8/2020,41.88074,-87.724539,622,Sparse
464,4/9/2020,41.884876,-87.715267,568,Sparse
465,4/10/2020,41.884246,-87.704407,2444,Normal
466,4/11/2020,41.883218,-87.627549,305,Sparse
467,4/12/2020,41.882102,-87.685013,575,Sparse
468,4/13/2020,41.881177,-87.6854,564,Sparse
469,4/14/2020,41.885023,-87.675556,2838,Normal
470,4/15/2020,41.890069,-87.706392,3484,Normal
471,4/16/2020,41.890846,-87.675563,2619,Normal
472,4/17/2020,41.896397,-87.647745,289,Sparse
473,4/18/2020,41.896097,-87.665698,815,Sparse
474,4/19/2020,41.902686,-87.724565,3697,Normal
475,4/20/2020,41.90103,-87.713491,284,Sparse
476,4/21/2020,41.902865,-87.703662,3000,Normal
477,4/22/2020,41.903211,-87.67591,3188,Normal
478,4/23/2020,41.899743,-87.66515,3254,Normal
479,4/24/2020,41.89675,-87.623095,1425,Normal
480,4/25/2020,41.896787,-87.620252,2934,Normal
481,4/26/2020,41.876846,-87.633902,2974,Normal
482,4/27/2020,41.924943,-87.726783,2974,Normal
483,4/28/2020,41.923102,-87.7871,11162,Crowded
484,4/29/2020,41.916857,-87.752046,7743,Normal
485,4/30/2020,41.92398,-87.765989,8888,Crowded
486,5/1/2020,41.947325,-87.648813,8888,Crowded
487,5/2/2020,41.940016,-87.646727,4277,Normal
488,5/3/2020,41.903698,-87.644273,6999,Normal
489,5/4/2020,41.663357,-87.628989,6999,Normal
490,5/5/2020,41.6779,-87.63412,202,Sparse
491,5/6/2020,41.836923,-87.721956,44,Sparse
492,5/7/2020,41.979107,-87.797633,4322,Normal
493,5/8/2020,41.874957,-87.629219,3573,Normal
494,5/9/2020,41.874597,-87.676475,4544,Normal
495,5/10/2020,41.881363,-87.714203,4544,Normal
496,5/11/2020,41.837188,-87.706989,5790,Normal
497,5/12/2020,41.959095,-87.688615,4894,Normal
498,5/13/2020,41.878543,-87.632267,4967,Normal
499,5/14/2020,41.878908,-87.644032,6937,Normal
500,5/15/2020,41.878904,-87.641098,6659,Normal
501,5/16/2020,41.878519,-87.639575,5790,Normal
502,5/17/2020,41.87909,-87.633752,441,Sparse
503,5/18/2020,41.879069,-87.630811,451,Sparse
504,5/19/2020,41.878484,-87.629312,895,Sparse
505,5/20/2020,41.875108,-87.735281,828,Sparse
506,5/21/2020,41.878056,-87.706035,690,Sparse
507,5/22/2020,41.880547,-87.642755,690,Sparse
508,5/23/2020,41.779058,-87.697351,2312,Normal
509,5/24/2020,41.786284,-87.700958,1502,Normal
510,5/25/2020,41.793556,-87.701352,1793,Normal
511,5/26/2020,41.822739,-87.696963,114,Sparse
512,5/27/2020,41.837394,-87.696,290,Sparse
513,5/28/2020,41.881848,-87.708484,172,Sparse
514,5/29/2020,41.882781,-87.707473,7916,Normal
515,5/30/2020,41.928333,-87.710574,1538,Normal
516,5/31/2020,41.924697,-87.709117,5699,Normal
517,6/1/2020,41.706389,-87.684155,1091,Normal
518,6/2/2020,41.883162,-87.644644,977,Sparse
519,6/3/2020,41.968422,-87.711419,970,Sparse
520,6/4/2020,41.873224,-87.741379,1980,Normal
521,6/5/2020,41.836814,-87.730379,1590,Normal
522,6/6/2020,41.850584,-87.726087,132,Sparse
523,6/7/2020,41.924462,-87.728691,606,Sparse
524,6/8/2020,41.931692,-87.734385,475,Sparse
525,6/9/2020,41.946012,-87.754759,475,Sparse
526,6/10/2020,41.909527,-87.753622,6325,Normal
527,6/11/2020,41.891595,-87.633278,5084,Normal
528,6/12/2020,41.962998,-87.767323,320,Sparse
529,6/13/2020,41.964867,-87.688793,193,Sparse
530,6/14/2020,42.011999,-87.785556,193,Sparse
531,6/15/2020,41.987697,-87.699307,1014,Normal
532,6/16/2020,41.997256,-87.724713,880,Sparse
533,6/17/2020,41.69184,-87.676796,867,Sparse
534,6/18/2020,41.878378,-87.745201,816,Sparse
535,6/19/2020,41.878768,-87.725604,1793,Normal
536,6/20/2020,41.880549,-87.642619,657,Sparse
537,6/21/2020,41.976427,-87.652889,166,Sparse
538,6/22/2020,41.69994,-87.618575,166,Sparse
539,6/23/2020,41.692731,-87.613734,277,Sparse
540,6/24/2020,41.939165,-87.721399,224,Sparse
541,6/25/2020,41.98293,-87.77077,224,Sparse
542,6/26/2020,41.678624,-87.680741,715,Sparse
543,6/27/2020,41.692257,-87.720366,394,Sparse
544,6/28/2020,41.68508,-87.700584,653,Sparse
545,6/29/2020,41.722735,-87.575361,617,Sparse
546,6/30/2020,41.724079,-87.604556,490,Sparse
547,7/1/2020,41.746122,-87.552788,170,Sparse
548,7/2/2020,41.743683,-87.702226,1314,Normal
549,7/3/2020,41.750615,-87.721947,1147,Normal
550,7/4/2020,41.75174,-87.605221,902,Sparse
551,7/5/2020,41.751171,-87.673157,1207,Normal
552,7/6/2020,41.770238,-87.702937,1014,Normal
553,7/7/2020,41.779921,-87.74234,14960,Crowded
554,7/8/2020,41.779583,-87.722787,9932,Crowded
555,7/9/2020,41.780314,-87.703172,8853,Crowded
556,7/10/2020,41.780774,-87.664249,7105,Normal
557,7/11/2020,41.793546,-87.762329,9609,Crowded
558,7/12/2020,41.794355,-87.742622,191,Sparse
559,7/13/2020,41.794916,-87.703597,499,Sparse
560,7/14/2020,41.794209,-87.693813,361,Sparse
561,7/15/2020,41.795427,-87.674346,70,Sparse
562,7/16/2020,41.809086,-87.712401,683,Sparse
563,7/17/2020,41.809606,-87.704033,340,Sparse
564,7/18/2020,41.80897,-87.694224,340,Sparse
565,7/19/2020,41.82387,-87.675108,348,Sparse
566,7/20/2020,41.837654,-87.734096,638,Sparse
567,7/21/2020,41.839026,-87.704872,178,Sparse
568,7/22/2020,41.838385,-87.695058,2681,Normal
569,7/23/2020,41.846135,-87.719725,4649,Normal
570,7/24/2020,41.852795,-87.699117,4031,Normal
571,7/25/2020,41.852259,-87.695456,5197,Normal
572,7/26/2020,41.852275,-87.675844,5913,Normal
573,7/27/2020,41.859611,-87.734761,6040,Normal
574,7/28/2020,41.859508,-87.724975,5405,Normal
575,7/29/2020,41.866927,-87.700802,2053,Normal
576,7/30/2020,41.914325,-87.71182,1922,Normal
577,7/31/2020,41.877492,-87.764763,2184,Normal
578,8/1/2020,41.878472,-87.754997,973,Sparse
579,8/2/2020,41.896495,-87.775191,871,Sparse
580,8/3/2020,41.911509,-87.667716,4045,Normal
581,8/4/2020,41.920367,-87.677714,7573,Normal
582,8/5/2020,41.918295,-87.689798,4478,Normal
583,8/6/2020,41.911129,-87.72637,7573,Normal
584,8/7/2020,41.91094,-87.755711,5136,Normal
585,8/8/2020,41.910958,-87.785061,359,Sparse
586,8/9/2020,41.923557,-87.80624,428,Sparse
587,8/10/2020,41.92573,-87.707248,1203,Normal
588,8/11/2020,41.925478,-87.702337,1284,Normal
589,8/12/2020,41.926152,-87.668181,1300,Normal
590,8/13/2020,41.934544,-87.636704,1420,Normal
591,8/14/2020,41.933425,-87.649035,851,Sparse
592,8/15/2020,41.933448,-87.653886,187,Sparse
593,8/16/2020,41.934004,-87.663612,10107,Crowded
594,8/17/2020,41.934063,-87.668456,10107,Crowded
595,8/18/2020,41.93822,-87.712455,7849,Normal
596,8/19/2020,41.928608,-87.712206,11234,Crowded
597,8/20/2020,41.933649,-87.717233,11234,Crowded
598,8/21/2020,41.932562,-87.727001,6685,Normal
599,8/22/2020,41.932608,-87.736835,3152,Normal
600,8/23/2020,41.9329,-87.746649,613,Sparse
601,8/24/2020,41.932527,-87.756461,590,Sparse
602,8/25/2020,41.939209,-87.836148,725,Sparse
603,8/26/2020,41.946244,-87.836483,827,Sparse
604,8/27/2020,41.939539,-87.8068,613,Sparse
605,8/28/2020,41.94619,-87.822945,809,Sparse
606,8/29/2020,41.946811,-87.796043,12344,Crowded
607,8/30/2020,41.947672,-87.766819,10923,Crowded
608,8/31/2020,41.946687,-87.75694,865,Sparse
609,9/1/2020,41.940497,-87.746913,2832,Normal
610,9/2/2020,41.947548,-87.747128,2617,Normal
611,9/3/2020,41.946769,-87.736449,2280,Normal
612,9/4/2020,41.940356,-87.707649,1238,Normal
613,9/5/2020,41.940326,-87.69968,1198,Normal
614,9/6/2020,41.940634,-87.697862,1163,Normal
615,9/7/2020,41.940366,-87.688076,1421,Normal
616,9/8/2020,41.940256,-87.678374,1455,Normal
617,9/9/2020,41.940796,-87.654132,1335,Normal
618,9/10/2020,41.940877,-87.649294,347,Sparse
619,9/11/2020,41.949054,-87.643703,177,Sparse
620,9/12/2020,41.948385,-87.647898,230,Sparse
621,9/13/2020,41.948965,-87.649538,699,Sparse
622,9/14/2020,41.94979,-87.658602,3367,Normal
623,9/15/2020,41.947751,-87.668879,13999,Crowded
624,9/16/2020,41.954774,-87.78662,13895,Crowded
625,9/17/2020,41.955093,-87.747349,199,Sparse
626,9/18/2020,41.955447,-87.727666,1176,Normal
627,9/19/2020,41.954748,-87.720647,1302,Normal
628,9/20/2020,41.963061,-87.679019,1982,Normal
629,9/21/2020,41.955361,-87.669076,2477,Normal
630,9/22/2020,41.963669,-87.649966,2584,Normal
631,9/23/2020,41.962457,-87.654755,12371,Crowded
632,9/24/2020,41.962267,-87.727863,1576,Normal
633,9/25/2020,41.96815,-87.760968,1661,Normal
634,9/26/2020,41.970016,-87.787986,929,Sparse
635,9/27/2020,41.984243,-87.784632,853,Sparse
636,9/28/2020,41.975635,-87.752372,244,Sparse
637,9/29/2020,41.976775,-87.708705,205,Sparse
638,9/30/2020,41.976829,-87.689187,2232,Normal
639,10/1/2020,41.977627,-87.659904,2604,Normal
640,10/2/2020,41.986182,-87.660145,437,Sparse
641,10/3/2020,41.992273,-87.689704,291,Sparse
642,10/4/2020,42.013319,-87.680974,423,Sparse
643,10/5/2020,42.017888,-87.67569,2745,Normal
644,10/6/2020,41.992962,-87.711563,574,Sparse
645,10/7/2020,41.992042,-87.714036,574,Sparse
646,10/8/2020,41.998732,-87.763298,463,Sparse
647,10/9/2020,41.999165,-87.806776,712,Sparse
648,10/10/2020,41.876982,-87.657007,644,Sparse
649,10/11/2020,41.879007,-87.626108,677,Sparse
650,10/12/2020,41.879529,-87.624351,952,Sparse
651,10/13/2020,41.878842,-87.620705,952,Sparse
652,10/14/2020,41.882384,-87.720836,962,Sparse
653,10/15/2020,41.886148,-87.725824,4487,Normal
654,10/16/2020,41.886115,-87.71603,4740,Normal
655,10/17/2020,41.88602,-87.711158,6916,Normal
656,10/18/2020,41.885154,-87.706241,211,Sparse
657,10/19/2020,41.885258,-87.686545,4314,Normal
658,10/20/2020,41.885313,-87.676747,4357,Normal
659,10/21/2020,41.886044,-87.647485,2310,Normal
660,10/22/2020,41.892395,-87.64944,4206,Normal
661,10/23/2020,41.893693,-87.626772,3573,Normal
662,10/24/2020,41.897792,-87.647818,2303,Normal
663,10/25/2020,41.903995,-87.711714,91,Sparse
664,10/26/2020,41.903947,-87.687051,1384,Normal
665,10/27/2020,41.904483,-87.640587,815,Sparse
666,10/28/2020,41.897747,-87.631275,6173,Normal
667,10/29/2020,41.912883,-87.634765,1168,Normal
668,10/30/2020,41.912849,-87.638637,2717,Normal
669,10/31/2020,41.693283,-87.661875,2898,Normal
670,11/1/2020,41.975916,-87.787866,14028,Crowded
671,11/2/2020,41.968461,-87.784013,12586,Crowded
672,11/3/2020,41.921271,-87.779472,13530,Crowded
673,11/4/2020,41.9237,-87.784023,14835,Crowded
674,11/5/2020,41.938356,-87.783382,11769,Crowded
675,11/6/2020,41.945751,-87.778573,11381,Crowded
676,11/7/2020,41.952978,-87.781878,451,Sparse
677,11/8/2020,41.930915,-87.792906,451,Sparse
678,11/9/2020,41.915365,-87.794984,158,Sparse
679,11/10/2020,41.908868,-87.804756,139,Sparse
680,11/11/2020,41.90909,-87.789897,153,Sparse
681,11/12/2020,41.882936,-87.659747,1406,Normal
682,11/13/2020,41.88422,-87.658216,966,Sparse
683,11/14/2020,41.893306,-87.628117,1385,Normal
684,11/15/2020,41.893609,-87.63265,197,Sparse
685,11/16/2020,41.893431,-87.629699,302,Sparse
686,11/17/2020,41.89363,-87.631177,3961,Normal
687,11/18/2020,41.89337,-87.634114,2698,Normal
688,11/19/2020,42.004572,-87.818987,4598,Normal
689,11/20/2020,41.844157,-87.731356,4621,Normal
690,11/21/2020,41.917095,-87.732056,1753,Normal
691,11/22/2020,41.885449,-87.632438,1303,Normal
692,11/23/2020,41.88535,-87.626269,144,Sparse
693,11/24/2020,41.884893,-87.629469,118,Sparse
694,11/25/2020,41.885107,-87.630954,1213,Normal
695,11/26/2020,41.885249,-87.633916,374,Sparse
696,11/27/2020,41.884874,-87.635389,411,Sparse
697,11/28/2020,41.8848,-87.642746,1303,Normal
698,11/29/2020,41.885696,-87.644242,1303,Normal
699,11/30/2020,41.722917,-87.538618,5824,Normal
700,12/1/2020,41.690863,-87.540104,4168,Normal
701,12/2/2020,41.706017,-87.606829,507,Sparse
702,12/3/2020,41.716726,-87.604408,2098,Normal
703,12/4/2020,41.727211,-87.551189,4897,Normal
704,12/5/2020,41.764407,-87.605533,2777,Normal
705,12/6/2020,41.778426,-87.800934,1535,Normal
706,12/7/2020,41.777058,-87.761684,464,Sparse
707,12/8/2020,41.778712,-87.69338,2011,Normal
708,12/9/2020,41.836244,-87.724337,2189,Normal
709,12/10/2020,41.851171,-87.675811,594,Sparse
710,12/11/2020,41.857335,-87.710287,594,Sparse
711,12/12/2020,41.875738,-87.764697,341,Sparse
712,12/13/2020,41.909168,-87.755815,1092,Normal
713,12/14/2020,41.92351,-87.658394,1852,Normal
714,12/15/2020,41.923889,-87.70229,1942,Normal
715,12/16/2020,41.931002,-87.785687,654,Sparse
716,12/17/2020,41.931151,-87.726959,679,Sparse
717,12/18/2020,41.931822,-87.648979,605,Sparse
718,12/19/2020,41.938251,-87.72247,546,Sparse
719,12/20/2020,41.946355,-87.646666,546,Sparse
720,12/21/2020,41.966963,-87.708429,506,Sparse
721,12/22/2020,41.966794,-87.846567,3016,Normal
722,12/23/2020,41.982087,-87.846432,708,Sparse
723,12/24/2020,41.986165,-87.748308,870,Sparse
724,12/25/2020,41.982351,-87.693821,740,Sparse
725,12/26/2020,42.004104,-87.670556,1065,Normal
726,12/27/2020,42.010697,-87.772707,2232,Normal
727,12/28/2020,41.995915,-87.786522,2536,Normal
728,12/29/2020,41.836451,-87.626742,2707,Normal
729,12/30/2020,41.872254,-87.705864,2707,Normal
730,12/31/2020,41.895238,-87.716306,652,Sparse
731,1/1/2021,41.872493,-87.725399,586,Sparse
732,1/2/2021,41.876095,-87.710846,404,Sparse
733,1/3/2021,41.884983,-87.676739,404,Sparse
734,1/4/2021,41.891012,-87.644365,580,Sparse
735,1/5/2021,41.893745,-87.70215,477,Sparse
736,1/6/2021,41.909315,-87.687195,966,Sparse
737,1/7/2021,41.90238,-87.66496,830,Sparse
738,1/8/2021,41.896368,-87.620359,830,Sparse
739,1/9/2021,41.902199,-87.631399,435,Sparse
740,1/10/2021,41.806868,-87.723555,638,Sparse
741,1/11/2021,41.836927,-87.695017,638,Sparse
742,1/12/2021,41.96912,-87.652496,601,Sparse
743,1/13/2021,41.690212,-87.672221,1095,Normal
744,1/14/2021,41.954295,-87.668734,1095,Normal
745,1/15/2021,41.875633,-87.628433,480,Sparse
746,1/16/2021,41.90393,-87.629506,1159,Normal
747,1/17/2021,41.891671,-87.628113,4374,Normal
748,1/18/2021,41.678058,-87.620552,481,Sparse
749,1/19/2021,41.903955,-87.627809,707,Sparse
750,1/20/2021,41.659181,-87.568276,896,Sparse
751,1/21/2021,41.876698,-87.630742,896,Sparse
752,1/22/2021,41.876736,-87.696174,397,Sparse
753,1/23/2021,41.699481,-87.656564,210,Sparse
754,1/24/2021,41.684661,-87.670012,445,Sparse
755,1/25/2021,41.673764,-87.560855,1638,Normal
756,1/26/2021,41.677257,-87.680696,1405,Normal
757,1/27/2021,41.684228,-87.702778,588,Sparse
758,1/28/2021,41.777656,-87.782528,635,Sparse
759,1/29/2021,41.785928,-87.723856,263,Sparse
760,1/30/2021,41.822852,-87.691118,1269,Normal
761,1/31/2021,41.844102,-87.735004,1255,Normal
762,2/1/2021,41.851522,-87.726497,1577,Normal
763,2/2/2021,41.917529,-87.692627,1684,Normal
764,2/3/2021,41.954273,-87.670146,1725,Normal
765,2/4/2021,41.954006,-87.689792,2176,Normal
766,2/5/2021,41.968013,-87.748871,312,Sparse
767,2/6/2021,41.988761,-87.854842,1500,Normal
768,2/7/2021,41.97567,-87.715464,1357,Normal
769,2/8/2021,41.991514,-87.754317,1200,Normal
770,2/9/2021,41.838279,-87.628571,2206,Normal
771,2/10/2021,41.880707,-87.727098,537,Sparse
772,2/11/2021,41.902909,-87.698743,550,Sparse
773,2/12/2021,41.899355,-87.689356,297,Sparse
774,2/13/2021,41.891676,-87.627665,340,Sparse
775,2/14/2021,41.883343,-87.696348,1308,Normal
776,2/15/2021,41.881365,-87.745317,5559,Normal
777,2/16/2021,41.892388,-87.634088,7149,Normal
778,2/17/2021,41.6853,-87.624481,6870,Normal
779,2/18/2021,41.864394,-87.687068,7084,Normal
780,2/19/2021,41.946727,-87.69064,5494,Normal
781,2/20/2021,41.917591,-87.686072,5996,Normal
782,2/21/2021,41.735341,-87.693452,5753,Normal
783,2/22/2021,41.742583,-87.696869,5372,Normal
784,2/23/2021,41.961351,-87.68578,1956,Normal
785,2/24/2021,41.881522,-87.66285,1820,Normal
786,2/25/2021,41.94592,-87.763269,1846,Normal
787,2/26/2021,41.945317,-87.804172,1886,Normal
788,2/27/2021,41.944582,-87.776451,1123,Normal
789,2/28/2021,41.929097,-87.775895,883,Sparse
790,3/1/2021,41.9588,-87.776967,1368,Normal
791,3/2/2021,41.911962,-87.775313,238,Sparse
792,3/3/2021,41.938587,-87.765389,238,Sparse
793,3/4/2021,41.937984,-87.811297,689,Sparse
794,3/5/2021,41.938129,-87.797524,1796,Normal
795,3/6/2021,41.881585,-87.639674,412,Sparse
796,3/7/2021,41.988233,-87.822826,490,Sparse
797,3/8/2021,41.944085,-87.766693,490,Sparse
798,3/9/2021,41.982967,-87.768342,104,Sparse
799,3/10/2021,41.925775,-87.766054,2590,Normal
800,3/11/2021,41.958566,-87.767179,2991,Normal
801,3/12/2021,41.911538,-87.765585,2590,Normal
802,3/13/2021,41.972925,-87.747914,461,Sparse
803,3/14/2021,41.941973,-87.836292,461,Sparse
804,3/15/2021,41.976269,-87.836617,670,Sparse
805,3/16/2021,41.986101,-87.836581,1081,Normal
806,3/17/2021,41.955399,-87.836687,1379,Normal
807,3/18/2021,41.996885,-87.8202,808,Sparse
808,3/19/2021,41.997401,-87.782852,732,Sparse
809,3/20/2021,41.930851,-87.797915,808,Sparse
810,3/21/2021,41.931117,-87.777627,1020,Normal
811,3/22/2021,41.987853,-87.846528,787,Sparse
812,3/23/2021,41.973131,-87.846512,581,Sparse
813,3/24/2021,41.973886,-87.749542,984,Sparse
814,3/25/2021,41.939787,-87.837966,127,Sparse
815,3/26/2021,41.957636,-87.799463,674,Sparse
816,3/27/2021,41.975575,-87.797008,967,Sparse
817,3/28/2021,41.975664,-87.78048,900,Sparse
818,3/29/2021,41.975186,-87.760787,900,Sparse
819,3/30/2021,41.923882,-87.77227,236,Sparse
820,3/31/2021,41.923538,-87.802753,425,Sparse
821,4/1/2021,41.933229,-87.806554,385,Sparse
822,4/2/2021,41.94802,-87.807101,2147,Normal
823,4/3/2021,41.91366,-87.805925,1439,Normal
824,4/4/2021,41.988647,-87.806885,1484,Normal
825,4/5/2021,42.013794,-87.806611,11469,Crowded
826,4/6/2021,41.9715,-87.771937,11041,Crowded
827,4/7/2021,41.982088,-87.813919,2811,Normal
828,4/8/2021,41.953095,-87.773638,1722,Normal
829,4/9/2021,41.952742,-87.799221,472,Sparse
830,4/10/2021,41.942383,-87.756806,249,Sparse
831,4/11/2021,41.924963,-87.756176,2167,Normal
832,4/12/2021,41.912823,-87.755782,1310,Normal
833,4/13/2021,41.967757,-87.764167,1276,Normal
834,4/14/2021,41.988587,-87.704352,1031,Normal
835,4/15/2021,41.960111,-87.790501,204,Sparse
836,4/16/2021,41.948239,-87.786356,448,Sparse
837,4/17/2021,41.932832,-87.785749,673,Sparse
838,4/18/2021,41.920893,-87.785358,3019,Normal
839,4/19/2021,41.962045,-87.786866,1567,Normal
840,4/20/2021,41.937284,-87.795671,1959,Normal
841,4/21/2021,41.990126,-87.750526,3650,Normal
842,4/22/2021,42.011663,-87.808726,2218,Normal
843,4/23/2021,41.8807,-87.636735,513,Sparse
844,4/24/2021,41.986477,-87.689538,4284,Normal
845,4/25/2021,41.94665,-87.70393,2353,Normal
846,4/26/2021,41.946193,-87.741344,345,Sparse
847,4/27/2021,41.917263,-87.71828,972,Sparse
848,4/28/2021,41.917357,-87.710662,2611,Normal
849,4/29/2021,41.917017,-87.73874,481,Sparse
850,4/30/2021,41.939303,-87.710743,6611,Normal
851,5/1/2021,41.93923,-87.716135,559,Sparse
852,5/2/2021,41.938878,-87.743194,764,Sparse
853,5/3/2021,41.939398,-87.696701,364,Sparse
854,5/4/2021,41.939113,-87.725535,286,Sparse
855,5/5/2021,41.980023,-87.699055,3191,Normal
856,5/6/2021,41.950326,-87.698137,227,Sparse
857,5/7/2021,41.918317,-87.697223,247,Sparse
858,5/8/2021,42.016379,-87.699636,250,Sparse
859,5/9/2021,41.913289,-87.716646,529,Sparse
860,5/10/2021,41.932037,-87.705896,469,Sparse
861,5/11/2021,41.931846,-87.722476,1055,Normal
862,5/12/2021,41.931576,-87.743265,844,Sparse
863,5/13/2021,41.975838,-87.696482,931,Sparse
864,5/14/2021,41.924561,-87.720455,1122,Normal
865,5/15/2021,41.924266,-87.74431,1274,Normal
866,5/16/2021,41.924726,-87.705876,1841,Normal
867,5/17/2021,41.953576,-87.734092,243,Sparse
868,5/18/2021,41.953936,-87.70545,521,Sparse
869,5/19/2021,41.953695,-87.724462,364,Sparse
870,5/20/2021,41.970273,-87.708529,11492,Crowded
871,5/21/2021,41.98049,-87.713663,3945,Normal
872,5/22/2021,41.94751,-87.71274,7223,Normal
873,5/23/2021,41.92195,-87.712021,6890,Normal
874,5/24/2021,41.921651,-87.736467,5168,Normal
875,5/25/2021,41.968506,-87.702152,7246,Normal
876,5/26/2021,41.968165,-87.734816,7250,Normal
877,5/27/2021,41.931324,-87.711125,4982,Normal
878,5/28/2021,41.961009,-87.722889,12761,Crowded
879,5/29/2021,41.910184,-87.700364,2665,Normal
880,5/30/2021,41.909944,-87.720823,3406,Normal
881,5/31/2021,41.910066,-87.710829,13801,Crowded
882,6/1/2021,41.918169,-87.72659,11492,Crowded
883,6/2/2021,41.94889,-87.727471,6636,Normal
884,6/3/2021,41.866196,-87.723436,3334,Normal
885,6/4/2021,41.947109,-87.661464,9519,Crowded
886,6/5/2021,41.947284,-87.651946,6571,Normal
887,6/6/2021,41.946768,-87.6857,11602,Crowded
888,6/7/2021,41.91781,-87.674797,11866,Crowded
889,6/8/2021,41.918245,-87.644208,9649,Crowded
890,6/9/2021,41.91812,-87.652282,8152,Crowded
891,6/10/2021,41.945925,-87.668832,7844,Normal
892,6/11/2021,41.974889,-87.669587,2171,Normal
893,6/12/2021,41.939715,-87.667324,1531,Normal
894,6/13/2021,41.939866,-87.657012,14902,Crowded
895,6/14/2021,41.939496,-87.684693,1490,Normal
896,6/15/2021,41.938295,-87.644341,2887,Normal
897,6/16/2021,41.955468,-87.651123,2773,Normal
898,6/17/2021,41.974157,-87.659809,8455,Crowded
899,6/18/2021,41.983656,-87.658134,10238,Crowded
900,6/19/2021,41.993674,-87.670135,1957,Normal
901,6/20/2021,41.929133,-87.674504,785,Sparse
902,6/21/2021,41.938823,-87.678334,424,Sparse
903,6/22/2021,41.956405,-87.678823,447,Sparse
904,6/23/2021,41.970422,-87.679234,6840,Normal
905,6/24/2021,41.914612,-87.677552,4143,Normal
906,6/25/2021,41.932395,-87.669002,3302,Normal
907,6/26/2021,41.97636,-87.657362,2699,Normal
908,6/27/2021,41.925199,-87.664619,12963,Crowded
909,6/28/2021,41.919237,-87.648548,3630,Normal
910,6/29/2021,41.95443,-87.658524,2764,Normal
911,6/30/2021,41.954136,-87.680217,964,Sparse
912,7/1/2021,41.93136,-87.639326,214,Sparse
913,7/2/2021,41.968951,-87.66443,207,Sparse
914,7/3/2021,41.969057,-87.657171,390,Sparse
915,7/4/2021,41.968642,-87.687081,301,Sparse
916,7/5/2021,41.920951,-87.642481,777,Sparse
917,7/6/2021,41.960186,-87.68299,5521,Normal
918,7/7/2021,41.971671,-87.650428,6166,Normal
919,7/8/2021,41.911246,-87.678799,6423,Normal
920,7/9/2021,41.961538,-87.673156,5044,Normal
921,7/10/2021,41.910853,-87.652267,1931,Normal
922,7/11/2021,41.942424,-87.659044,1473,Normal
923,7/12/2021,41.927677,-87.65853,1095,Normal
924,7/13/2021,41.987636,-87.666618,1659,Normal
925,7/14/2021,42.00351,-87.660816,1637,Normal
926,7/15/2021,41.972386,-87.654903,455,Sparse
927,7/16/2021,41.92249,-87.663226,210,Sparse
928,7/17/2021,41.948031,-87.688293,8082,Crowded
929,7/18/2021,41.921642,-87.687537,7300,Normal
930,7/19/2021,41.972841,-87.689047,3213,Normal
931,7/20/2021,41.913995,-87.687313,4319,Normal
932,7/21/2021,41.870413,-87.666487,4554,Normal
933,7/22/2021,41.898376,-87.773856,722,Sparse
934,7/23/2021,41.868169,-87.774229,752,Sparse
935,7/24/2021,41.883496,-87.77476,264,Sparse
936,7/25/2021,41.892407,-87.765299,234,Sparse
937,7/26/2021,41.871785,-87.715588,234,Sparse
938,7/27/2021,41.869875,-87.744879,988,Sparse
939,7/28/2021,41.882972,-87.689807,244,Sparse
940,7/29/2021,41.883208,-87.634482,1037,Normal
941,7/30/2021,41.883107,-87.649602,711,Sparse
942,7/31/2021,41.881907,-87.724652,2645,Normal
943,8/1/2021,41.90718,-87.634588,976,Sparse
944,8/2/2021,41.891353,-87.634063,794,Sparse
945,8/3/2021,41.881401,-87.633811,2617,Normal
946,8/4/2021,41.900187,-87.686957,2555,Normal
947,8/5/2021,41.893685,-87.68678,2572,Normal
948,8/6/2021,41.876083,-87.686271,1511,Normal
949,8/7/2021,41.857903,-87.659605,1511,Normal
950,8/8/2021,41.844328,-87.718582,1727,Normal
951,8/9/2021,41.844137,-87.732725,268,Sparse
952,8/10/2021,41.8702,-87.676347,976,Sparse
953,8/11/2021,41.902488,-87.73753,12054,Crowded
954,8/12/2021,41.90223,-87.75738,10867,Crowded
955,8/13/2021,41.87346,-87.647091,5942,Normal
956,8/14/2021,41.872939,-87.755447,5687,Normal
957,8/15/2021,41.908631,-87.736272,6217,Normal
958,8/16/2021,41.870966,-87.735136,6479,Normal
959,8/17/2021,41.884822,-87.735612,3415,Normal
960,8/18/2021,41.887117,-87.753983,5323,Normal
961,8/19/2021,41.869233,-87.754655,2600,Normal
962,8/20/2021,41.889649,-87.755407,2614,Normal
963,8/21/2021,41.880108,-87.773266,1808,Normal
964,8/22/2021,41.880537,-87.741833,210,Sparse
965,8/23/2021,41.871676,-87.656828,106,Sparse
966,8/24/2021,41.865714,-87.759312,1313,Normal
967,8/25/2021,41.866377,-87.708143,4991,Normal
968,8/26/2021,41.845685,-87.620482,1995,Normal
969,8/27/2021,41.838197,-87.634579,1972,Normal
970,8/28/2021,41.838327,-87.624762,1172,Normal
971,8/29/2021,41.809005,-87.637985,1007,Normal
972,8/30/2021,41.801796,-87.633948,1995,Normal
973,8/31/2021,41.787212,-87.634206,488,Sparse
974,9/1/2021,41.779917,-87.634498,902,Sparse
975,9/2/2021,41.78018,-87.618854,511,Sparse
976,9/3/2021,41.879037,-87.658396,211,Sparse
977,9/4/2021,41.879284,-87.641796,592,Sparse
978,9/5/2021,41.879377,-87.634436,1822,Normal
979,9/6/2021,41.879125,-87.652799,3207,Normal
980,9/7/2021,41.852403,-87.635761,1613,Normal
981,9/8/2021,41.89604,-87.667289,3388,Normal
982,9/9/2021,41.906421,-87.667574,3036,Normal
983,9/10/2021,41.876934,-87.666676,512,Sparse
984,9/11/2021,41.899087,-87.718638,409,Sparse
985,9/12/2021,41.899615,-87.67336,483,Sparse
986,9/13/2021,41.899222,-87.703584,572,Sparse
987,9/14/2021,41.885079,-87.639827,1666,Normal
988,9/15/2021,41.891097,-87.716199,1748,Normal
989,9/16/2021,41.879533,-87.715851,822,Sparse
990,9/17/2021,41.852872,-87.620534,559,Sparse
991,9/18/2021,41.895439,-87.718427,106,Sparse
992,9/19/2021,41.896292,-87.653604,200,Sparse
993,9/20/2021,41.895673,-87.693867,73,Sparse
994,9/21/2021,41.889469,-87.631064,73,Sparse
995,9/22/2021,41.873368,-87.630642,218,Sparse
996,9/23/2021,41.881592,-87.630875,285,Sparse
997,9/24/2021,41.892773,-87.631157,1675,Normal
998,9/25/2021,41.869119,-87.630476,5408,Normal
999,9/26/2021,41.8852,-87.641298,5177,Normal
1000,9/27/2021,41.880534,-87.64115,127,Sparse
1001,9/28/2021,41.87138,-87.620556,4111,Normal
1002,9/29/2021,41.875611,-87.630673,9728,Crowded
1003,9/30/2021,41.875684,-87.626134,6857,Normal
1004,10/1/2021,41.895021,-87.677026,6152,Normal
1005,10/2/2021,41.877446,-87.676545,5919,Normal
1006,10/3/2021,41.908546,-87.677409,516,Sparse
1007,10/4/2021,41.88276,-87.676677,508,Sparse
1008,10/5/2021,41.889784,-87.629599,293,Sparse
1009,10/6/2021,41.880734,-87.629368,248,Sparse
1010,10/7/2021,41.902739,-87.718482,227,Sparse
1011,10/8/2021,41.902958,-87.693225,9653,Crowded
1012,10/9/2021,41.903778,-87.639261,7829,Normal
1013,10/10/2021,41.903168,-87.678437,5608,Normal
1014,10/11/2021,41.890003,-87.713444,612,Sparse
1015,10/12/2021,41.794149,-87.633657,12183,Crowded
1016,10/13/2021,41.891001,-87.66523,8050,Crowded
1017,10/14/2021,41.891791,-87.62091,3916,Normal
1018,10/15/2021,41.905556,-87.724905,3932,Normal
1019,10/16/2021,41.893314,-87.694126,3419,Normal
1020,10/17/2021,41.890693,-87.684779,2493,Normal
1021,10/18/2021,41.892362,-87.647604,2493,Normal
1022,10/19/2021,41.876932,-87.647211,218,Sparse
1023,10/20/2021,41.884845,-87.64745,196,Sparse
1024,10/21/2021,41.892668,-87.71135,508,Sparse
1025,10/22/2021,41.872269,-87.710736,617,Sparse
1026,10/23/2021,41.853372,-87.622268,221,Sparse
1027,10/24/2021,41.782759,-87.620541,890,Sparse
1028,10/25/2021,41.877521,-87.688801,392,Sparse
1029,10/26/2021,41.877258,-87.712307,365,Sparse
1030,10/27/2021,41.877989,-87.643682,342,Sparse
1031,10/28/2021,41.878111,-87.634405,273,Sparse
1032,10/29/2021,41.877853,-87.652996,247,Sparse
1033,10/30/2021,41.892841,-87.706475,247,Sparse
1034,10/31/2021,41.885625,-87.649854,5408,Normal
1035,11/1/2021,41.884665,-87.685501,4909,Normal
1036,11/2/2021,41.890186,-87.632548,4215,Normal
1037,11/3/2021,41.880972,-87.632336,1652,Normal
1038,11/4/2021,41.881427,-87.668678,1968,Normal
1039,11/5/2021,41.881657,-87.65456,9926,Crowded
1040,11/6/2021,41.881836,-87.642708,9835,Crowded
1041,11/7/2021,41.866034,-87.624114,9770,Crowded
1042,11/8/2021,41.859365,-87.623968,7444,Normal
1043,11/9/2021,41.838343,-87.623444,10255,Crowded
1044,11/10/2021,41.795074,-87.622477,8862,Crowded
1045,11/11/2021,41.782937,-87.622164,507,Sparse
1046,11/12/2021,41.873905,-87.624218,507,Sparse
1047,11/13/2021,41.881365,-87.624349,523,Sparse
1048,11/14/2021,41.893982,-87.624231,2264,Normal
1049,11/15/2021,41.903687,-87.667,2819,Normal
1050,11/16/2021,41.894073,-87.656489,2999,Normal
1051,11/17/2021,41.892439,-87.630272,2865,Normal
1052,11/18/2021,41.892579,-87.621433,4956,Normal
1053,11/19/2021,41.902872,-87.637416,1312,Normal
1054,11/20/2021,41.898079,-87.726166,1577,Normal
1055,11/21/2021,41.875691,-87.725497,3018,Normal
1056,11/22/2021,41.881938,-87.725706,3087,Normal
1057,11/23/2021,41.907466,-87.726445,3414,Normal
1058,11/24/2021,41.880487,-87.657103,2849,Normal
1059,11/25/2021,41.884466,-87.634637,588,Sparse
1060,11/26/2021,41.884359,-87.650176,582,Sparse
1061,11/27/2021,41.884431,-87.643422,776,Sparse
1062,11/28/2021,41.886224,-87.70135,94,Sparse
1063,11/29/2021,41.879204,-87.701155,1033,Normal
1064,11/30/2021,41.859198,-87.627233,243,Sparse
1065,12/1/2021,41.854398,-87.627117,13887,Crowded
1066,12/2/2021,41.838301,-87.626773,9924,Crowded
1067,12/3/2021,41.796139,-87.62574,11185,Crowded
1068,12/4/2021,41.784837,-87.625446,5456,Normal
1069,12/5/2021,41.896924,-87.628206,4685,Normal
1070,12/6/2021,41.873424,-87.627576,4685,Normal
1071,12/7/2021,41.87665,-87.648742,4654,Normal
1072,12/8/2021,41.890636,-87.626681,4257,Normal
1073,12/9/2021,41.88133,-87.626189,4257,Normal
1074,12/10/2021,41.878077,-87.636914,3891,Normal
1075,12/11/2021,41.886817,-87.630054,673,Sparse
1076,12/12/2021,41.884486,-87.637068,1712,Normal
1077,12/13/2021,41.882074,-87.687892,661,Sparse
1078,12/14/2021,41.882362,-87.668041,677,Sparse
1079,12/15/2021,41.838156,-87.689438,578,Sparse
1080,12/16/2021,41.836974,-87.719101,413,Sparse
1081,12/17/2021,41.863688,-87.666307,694,Sparse
1082,12/18/2021,41.847901,-87.677408,639,Sparse
1083,12/19/2021,41.852621,-87.715027,2037,Normal
1084,12/20/2021,41.846067,-87.714837,2165,Normal
1085,12/21/2021,41.851632,-87.717386,2236,Normal
1086,12/22/2021,41.851353,-87.738835,1742,Normal
1087,12/23/2021,41.851922,-87.646473,254,Sparse
1088,12/24/2021,41.83815,-87.709739,305,Sparse
1089,12/25/2021,41.831089,-87.704652,1422,Normal
1090,12/26/2021,41.854103,-87.734588,1540,Normal
1091,12/27/2021,41.857111,-87.707844,347,Sparse
1092,12/28/2021,41.846235,-87.72462,420,Sparse
1093,12/29/2021,41.852808,-87.724789,910,Sparse
1094,12/30/2021,41.866765,-87.67545,722,Sparse
1095,12/31/2021,41.866958,-87.659,722,Sparse
1096,1/1/2022,41.856527,-87.685756,434,Sparse
1097,1/2/2022,41.808188,-87.699833,2209,Normal
1098,1/3/2022,41.807974,-87.715402,2500,Normal
